BEGIN TRANSACTION;
CREATE TABLE "app_doctor" ("id" integer NOT NULL PRIMARY KEY AUTOINCREMENT, "first_name" varchar(100) NOT NULL, "last_name" varchar(100) NOT NULL, "middle_name" varchar(100) NOT NULL, "gender" varchar(10) NOT NULL, "dob" date NOT NULL, "email" varchar(254) NOT NULL UNIQUE, "license_number" varchar(100) NOT NULL UNIQUE, "password" varchar(128) NOT NULL);
INSERT INTO "app_doctor" VALUES(4,'Олена','Омелян','Петрівна','female','1984-02-07','omelolena@gmail.com','120909','12345678');
INSERT INTO "app_doctor" VALUES(5,'Галина ','Стефунька','Володимирівна','female','1979-10-20','stefunka@gmail.com','00000004','12345678');
INSERT INTO "app_doctor" VALUES(6,'Алла','Пеля','Миколаївна','female','1996-02-29','allapela@gmail.com','00000001','12345678');
INSERT INTO "app_doctor" VALUES(7,'Павло','Старомуд','Іванович','male','1995-02-08','staromudpavlo@gmail.com','00000002','12345678');
INSERT INTO "app_doctor" VALUES(8,'Юлія','Шевченко','Миколаївна','female','2025-05-08','shevchenko@gmail.com','00000003','12345678');
CREATE TABLE "app_medicalservice" ("id" integer NOT NULL PRIMARY KEY AUTOINCREMENT, "name" varchar(100) NOT NULL, "slug" varchar(50) NOT NULL UNIQUE);
INSERT INTO "app_medicalservice" VALUES(1,'Helsi','helsi');
INSERT INTO "app_medicalservice" VALUES(2,'Health24','health24');
INSERT INTO "app_medicalservice" VALUES(3,'Medics','medics');
INSERT INTO "app_medicalservice" VALUES(4,'Doc.ua','docua');
CREATE TABLE "app_patient" ("id" integer NOT NULL PRIMARY KEY AUTOINCREMENT, "last_name" varchar(100) NOT NULL, "first_name" varchar(100) NOT NULL, "middle_name" varchar(100) NOT NULL, "gender" varchar(6) NOT NULL, "dob" date NOT NULL, "email" varchar(254) NOT NULL UNIQUE, "password" varchar(128) NOT NULL);
INSERT INTO "app_patient" VALUES(7,'Миколайчук','Петро ','Михайлович','male','1985-06-12','petrykmuk@gmail.com','12345678');
INSERT INTO "app_patient" VALUES(9,'Олейник','Марія','Григорівна','female','2025-05-20','olenka@gmail.com','12345678');
INSERT INTO "app_patient" VALUES(10,'Стефунька','Юліана','Ігорівна','female','2025-05-07','yulianka@gmail.com','12345678');
INSERT INTO "app_patient" VALUES(11,'Бірбан','Олександр','Михайлович','male','2005-10-12','birban@gmail.com','12345678');
INSERT INTO "app_patient" VALUES(12,'Мартиняк','Ігор','Степанович','male','1976-07-08','igorm@gmail.com','12345678');
INSERT INTO "app_patient" VALUES(13,'Стефунька','Діана','Ігорівна','female','2017-12-29','dianka@gmail.com','12345678');
CREATE TABLE "app_surveyanswer" ("id" integer NOT NULL PRIMARY KEY AUTOINCREMENT, "rating" smallint unsigned NOT NULL CHECK ("rating" >= 0), "submitted_at" datetime NOT NULL, "service_id" bigint NOT NULL REFERENCES "app_medicalservice" ("id") DEFERRABLE INITIALLY DEFERRED, "user_id" integer NOT NULL REFERENCES "auth_user" ("id") DEFERRABLE INITIALLY DEFERRED, "question_id" bigint NOT NULL REFERENCES "app_surveyquestion" ("id") DEFERRABLE INITIALLY DEFERRED);
INSERT INTO "app_surveyanswer" VALUES(1,4,'2025-05-04 12:01:22.534910',1,2,8);
INSERT INTO "app_surveyanswer" VALUES(2,3,'2025-05-04 12:01:22.541329',1,2,9);
INSERT INTO "app_surveyanswer" VALUES(3,4,'2025-05-04 12:01:22.544032',1,2,10);
INSERT INTO "app_surveyanswer" VALUES(4,3,'2025-05-04 12:01:22.546212',1,2,11);
INSERT INTO "app_surveyanswer" VALUES(5,3,'2025-05-04 12:01:22.546212',1,2,12);
INSERT INTO "app_surveyanswer" VALUES(6,2,'2025-05-04 12:01:22.546212',1,2,13);
INSERT INTO "app_surveyanswer" VALUES(7,3,'2025-05-04 12:01:22.546212',1,2,14);
INSERT INTO "app_surveyanswer" VALUES(8,4,'2025-05-04 12:01:22.546212',1,2,15);
INSERT INTO "app_surveyanswer" VALUES(9,5,'2025-05-04 12:01:22.562834',1,2,16);
INSERT INTO "app_surveyanswer" VALUES(10,5,'2025-05-04 12:01:22.564517',1,2,17);
INSERT INTO "app_surveyanswer" VALUES(11,4,'2025-05-04 12:01:22.564517',1,2,18);
INSERT INTO "app_surveyanswer" VALUES(12,4,'2025-05-04 12:01:22.564517',1,2,19);
INSERT INTO "app_surveyanswer" VALUES(13,4,'2025-05-04 12:01:22.564517',1,2,20);
INSERT INTO "app_surveyanswer" VALUES(14,4,'2025-05-04 12:01:22.578907',1,2,21);
INSERT INTO "app_surveyanswer" VALUES(15,4,'2025-05-04 12:01:22.579777',1,2,22);
INSERT INTO "app_surveyanswer" VALUES(16,2,'2025-05-04 12:01:22.579777',1,2,23);
INSERT INTO "app_surveyanswer" VALUES(17,4,'2025-05-04 12:01:22.579777',1,2,24);
INSERT INTO "app_surveyanswer" VALUES(18,4,'2025-05-04 12:01:22.579777',1,2,25);
INSERT INTO "app_surveyanswer" VALUES(19,4,'2025-05-04 12:04:44.528202',1,2,8);
INSERT INTO "app_surveyanswer" VALUES(20,4,'2025-05-04 12:04:44.532199',1,2,9);
INSERT INTO "app_surveyanswer" VALUES(21,4,'2025-05-04 12:04:44.536590',1,2,10);
INSERT INTO "app_surveyanswer" VALUES(22,4,'2025-05-04 12:04:44.539604',1,2,11);
INSERT INTO "app_surveyanswer" VALUES(23,4,'2025-05-04 12:04:44.542313',1,2,12);
INSERT INTO "app_surveyanswer" VALUES(24,4,'2025-05-04 12:04:44.546377',1,2,13);
INSERT INTO "app_surveyanswer" VALUES(25,4,'2025-05-04 12:04:44.548889',1,2,14);
INSERT INTO "app_surveyanswer" VALUES(26,4,'2025-05-04 12:04:44.552888',1,2,15);
INSERT INTO "app_surveyanswer" VALUES(27,4,'2025-05-04 12:04:44.555321',1,2,16);
INSERT INTO "app_surveyanswer" VALUES(28,4,'2025-05-04 12:04:44.559257',1,2,17);
INSERT INTO "app_surveyanswer" VALUES(29,4,'2025-05-04 12:04:44.562943',1,2,18);
INSERT INTO "app_surveyanswer" VALUES(30,4,'2025-05-04 12:04:44.566070',1,2,19);
INSERT INTO "app_surveyanswer" VALUES(31,4,'2025-05-04 12:04:44.568526',1,2,20);
INSERT INTO "app_surveyanswer" VALUES(32,4,'2025-05-04 12:04:44.571833',1,2,21);
INSERT INTO "app_surveyanswer" VALUES(33,4,'2025-05-04 12:04:44.575327',1,2,22);
INSERT INTO "app_surveyanswer" VALUES(34,4,'2025-05-04 12:04:44.578327',1,2,23);
INSERT INTO "app_surveyanswer" VALUES(35,4,'2025-05-04 12:04:44.581327',1,2,24);
INSERT INTO "app_surveyanswer" VALUES(36,4,'2025-05-04 12:04:44.584326',1,2,25);
INSERT INTO "app_surveyanswer" VALUES(37,5,'2025-05-04 16:37:09.318386',1,3,26);
INSERT INTO "app_surveyanswer" VALUES(38,4,'2025-05-04 16:37:09.324900',1,3,27);
INSERT INTO "app_surveyanswer" VALUES(39,5,'2025-05-04 16:37:09.327923',1,3,28);
INSERT INTO "app_surveyanswer" VALUES(40,5,'2025-05-04 16:37:09.332731',1,3,29);
INSERT INTO "app_surveyanswer" VALUES(41,5,'2025-05-04 16:37:09.335732',1,3,30);
INSERT INTO "app_surveyanswer" VALUES(42,5,'2025-05-04 16:37:09.338729',1,3,31);
INSERT INTO "app_surveyanswer" VALUES(43,4,'2025-05-04 16:37:09.343729',1,3,32);
INSERT INTO "app_surveyanswer" VALUES(44,5,'2025-05-04 16:37:09.346729',1,3,33);
INSERT INTO "app_surveyanswer" VALUES(45,4,'2025-05-04 16:37:09.350522',1,3,34);
INSERT INTO "app_surveyanswer" VALUES(46,2,'2025-05-04 16:37:09.354218',1,3,35);
INSERT INTO "app_surveyanswer" VALUES(47,4,'2025-05-04 16:37:09.357124',1,3,36);
INSERT INTO "app_surveyanswer" VALUES(48,4,'2025-05-04 16:37:09.361476',1,3,37);
INSERT INTO "app_surveyanswer" VALUES(49,3,'2025-05-04 16:37:09.366107',1,3,38);
INSERT INTO "app_surveyanswer" VALUES(50,3,'2025-05-04 16:37:09.369496',1,3,39);
INSERT INTO "app_surveyanswer" VALUES(51,4,'2025-05-04 16:37:09.373494',1,3,40);
INSERT INTO "app_surveyanswer" VALUES(52,5,'2025-05-04 16:37:09.377378',1,3,41);
INSERT INTO "app_surveyanswer" VALUES(53,4,'2025-05-04 16:37:09.380059',1,3,42);
INSERT INTO "app_surveyanswer" VALUES(54,4,'2025-05-04 16:37:09.384860',1,3,43);
INSERT INTO "app_surveyanswer" VALUES(55,4,'2025-05-08 16:30:15.817776',1,2,8);
INSERT INTO "app_surveyanswer" VALUES(56,3,'2025-05-14 14:05:21.675941',1,10,8);
INSERT INTO "app_surveyanswer" VALUES(57,4,'2025-05-14 14:05:21.682038',1,10,9);
INSERT INTO "app_surveyanswer" VALUES(58,2,'2025-05-14 14:05:21.687441',1,10,10);
INSERT INTO "app_surveyanswer" VALUES(59,4,'2025-05-14 14:05:21.690816',1,10,11);
INSERT INTO "app_surveyanswer" VALUES(60,2,'2025-05-14 14:05:21.695043',1,10,12);
INSERT INTO "app_surveyanswer" VALUES(61,4,'2025-05-14 14:05:21.701527',1,10,13);
INSERT INTO "app_surveyanswer" VALUES(62,4,'2025-05-14 14:05:21.706065',1,10,14);
INSERT INTO "app_surveyanswer" VALUES(63,2,'2025-05-14 14:05:21.710423',1,10,15);
INSERT INTO "app_surveyanswer" VALUES(64,3,'2025-05-14 14:05:21.711994',1,10,16);
INSERT INTO "app_surveyanswer" VALUES(65,3,'2025-05-14 14:05:21.716002',1,10,17);
INSERT INTO "app_surveyanswer" VALUES(66,3,'2025-05-14 14:05:21.722222',1,10,18);
INSERT INTO "app_surveyanswer" VALUES(67,5,'2025-05-14 14:05:21.726478',1,10,19);
INSERT INTO "app_surveyanswer" VALUES(68,3,'2025-05-14 14:05:21.729984',1,10,20);
INSERT INTO "app_surveyanswer" VALUES(69,4,'2025-05-14 14:05:21.734118',1,10,21);
INSERT INTO "app_surveyanswer" VALUES(70,2,'2025-05-14 14:05:21.738177',1,10,22);
INSERT INTO "app_surveyanswer" VALUES(71,4,'2025-05-14 14:05:21.739050',1,10,23);
INSERT INTO "app_surveyanswer" VALUES(72,4,'2025-05-14 14:05:21.745541',1,10,24);
INSERT INTO "app_surveyanswer" VALUES(73,3,'2025-05-14 14:05:21.748606',1,10,25);
INSERT INTO "app_surveyanswer" VALUES(74,5,'2025-05-14 15:06:47.171774',1,10,8);
INSERT INTO "app_surveyanswer" VALUES(75,5,'2025-05-14 15:06:47.175139',1,10,9);
INSERT INTO "app_surveyanswer" VALUES(76,5,'2025-05-14 15:06:47.180744',1,10,10);
INSERT INTO "app_surveyanswer" VALUES(77,3,'2025-05-14 15:11:35.213761',2,10,8);
INSERT INTO "app_surveyanswer" VALUES(78,4,'2025-05-14 15:11:35.218748',2,10,9);
INSERT INTO "app_surveyanswer" VALUES(79,4,'2025-05-14 15:11:35.222247',2,10,10);
INSERT INTO "app_surveyanswer" VALUES(80,3,'2025-05-14 15:11:35.226786',2,10,11);
INSERT INTO "app_surveyanswer" VALUES(81,3,'2025-05-14 15:11:35.230365',2,10,12);
INSERT INTO "app_surveyanswer" VALUES(82,4,'2025-05-14 15:11:35.235595',2,10,13);
INSERT INTO "app_surveyanswer" VALUES(83,3,'2025-05-14 15:11:35.239627',2,10,14);
INSERT INTO "app_surveyanswer" VALUES(84,5,'2025-05-14 15:11:35.243630',2,10,15);
INSERT INTO "app_surveyanswer" VALUES(85,4,'2025-05-14 15:11:35.248145',2,10,16);
INSERT INTO "app_surveyanswer" VALUES(86,3,'2025-05-14 15:11:35.251270',2,10,17);
INSERT INTO "app_surveyanswer" VALUES(87,5,'2025-05-14 15:11:35.257229',2,10,18);
INSERT INTO "app_surveyanswer" VALUES(88,3,'2025-05-14 15:11:35.260229',2,10,19);
INSERT INTO "app_surveyanswer" VALUES(89,4,'2025-05-14 15:11:35.265229',2,10,20);
INSERT INTO "app_surveyanswer" VALUES(90,4,'2025-05-14 15:11:35.269229',2,10,21);
INSERT INTO "app_surveyanswer" VALUES(91,4,'2025-05-14 15:11:35.274229',2,10,22);
INSERT INTO "app_surveyanswer" VALUES(92,3,'2025-05-14 15:11:35.277230',2,10,23);
INSERT INTO "app_surveyanswer" VALUES(93,4,'2025-05-14 15:11:35.280096',2,10,24);
INSERT INTO "app_surveyanswer" VALUES(94,3,'2025-05-14 15:11:35.284680',2,10,25);
INSERT INTO "app_surveyanswer" VALUES(95,4,'2025-05-14 15:17:28.958588',3,12,26);
INSERT INTO "app_surveyanswer" VALUES(96,3,'2025-05-14 15:17:28.963907',3,12,27);
INSERT INTO "app_surveyanswer" VALUES(97,5,'2025-05-14 15:17:28.968658',3,12,28);
INSERT INTO "app_surveyanswer" VALUES(98,5,'2025-05-14 15:17:28.970656',3,12,29);
INSERT INTO "app_surveyanswer" VALUES(99,4,'2025-05-14 15:17:28.976619',3,12,30);
INSERT INTO "app_surveyanswer" VALUES(100,5,'2025-05-14 15:17:28.980066',3,12,31);
INSERT INTO "app_surveyanswer" VALUES(101,4,'2025-05-14 15:17:28.984064',3,12,32);
INSERT INTO "app_surveyanswer" VALUES(102,4,'2025-05-14 15:17:28.987069',3,12,33);
INSERT INTO "app_surveyanswer" VALUES(103,3,'2025-05-14 15:17:28.993072',3,12,34);
INSERT INTO "app_surveyanswer" VALUES(104,4,'2025-05-14 15:17:28.996080',3,12,35);
INSERT INTO "app_surveyanswer" VALUES(105,4,'2025-05-14 15:17:28.999583',3,12,36);
INSERT INTO "app_surveyanswer" VALUES(106,5,'2025-05-14 15:17:29.004589',3,12,37);
INSERT INTO "app_surveyanswer" VALUES(107,3,'2025-05-14 15:17:29.007589',3,12,38);
INSERT INTO "app_surveyanswer" VALUES(108,4,'2025-05-14 15:17:29.012593',3,12,39);
INSERT INTO "app_surveyanswer" VALUES(109,4,'2025-05-14 15:17:29.016100',3,12,40);
INSERT INTO "app_surveyanswer" VALUES(110,4,'2025-05-14 15:17:29.021100',3,12,41);
INSERT INTO "app_surveyanswer" VALUES(111,4,'2025-05-14 15:17:29.024100',3,12,42);
INSERT INTO "app_surveyanswer" VALUES(112,5,'2025-05-14 15:17:29.029618',3,12,43);
INSERT INTO "app_surveyanswer" VALUES(113,4,'2025-05-14 17:21:32.436828',3,10,8);
INSERT INTO "app_surveyanswer" VALUES(114,3,'2025-05-14 17:21:32.441202',3,10,9);
INSERT INTO "app_surveyanswer" VALUES(115,5,'2025-05-14 17:21:32.444459',3,10,10);
INSERT INTO "app_surveyanswer" VALUES(116,3,'2025-05-14 17:21:32.447459',3,10,11);
INSERT INTO "app_surveyanswer" VALUES(117,4,'2025-05-14 17:21:32.450459',3,10,12);
INSERT INTO "app_surveyanswer" VALUES(118,2,'2025-05-14 17:21:32.452583',3,10,13);
INSERT INTO "app_surveyanswer" VALUES(119,3,'2025-05-14 17:21:32.456590',3,10,14);
INSERT INTO "app_surveyanswer" VALUES(120,4,'2025-05-14 17:21:32.458963',3,10,15);
INSERT INTO "app_surveyanswer" VALUES(121,4,'2025-05-14 17:21:32.462224',3,10,16);
INSERT INTO "app_surveyanswer" VALUES(122,2,'2025-05-14 17:21:32.465227',3,10,17);
INSERT INTO "app_surveyanswer" VALUES(123,4,'2025-05-14 17:21:32.467470',3,10,18);
INSERT INTO "app_surveyanswer" VALUES(124,2,'2025-05-14 17:21:32.470726',3,10,19);
INSERT INTO "app_surveyanswer" VALUES(125,4,'2025-05-14 17:21:32.473862',3,10,20);
INSERT INTO "app_surveyanswer" VALUES(126,3,'2025-05-14 17:21:32.476866',3,10,21);
INSERT INTO "app_surveyanswer" VALUES(127,4,'2025-05-14 17:21:32.479080',3,10,22);
INSERT INTO "app_surveyanswer" VALUES(128,2,'2025-05-14 17:21:32.482085',3,10,23);
INSERT INTO "app_surveyanswer" VALUES(129,4,'2025-05-14 17:21:32.485085',3,10,24);
INSERT INTO "app_surveyanswer" VALUES(130,3,'2025-05-14 17:21:32.488085',3,10,25);
INSERT INTO "app_surveyanswer" VALUES(131,3,'2025-05-14 17:28:08.173117',2,12,26);
INSERT INTO "app_surveyanswer" VALUES(132,5,'2025-05-14 17:28:08.177423',2,12,27);
INSERT INTO "app_surveyanswer" VALUES(133,1,'2025-05-14 17:28:08.180430',2,12,28);
INSERT INTO "app_surveyanswer" VALUES(134,2,'2025-05-14 17:28:08.183810',2,12,29);
INSERT INTO "app_surveyanswer" VALUES(135,4,'2025-05-14 17:28:08.183810',2,12,30);
INSERT INTO "app_surveyanswer" VALUES(136,3,'2025-05-14 17:28:08.183810',2,12,31);
INSERT INTO "app_surveyanswer" VALUES(137,5,'2025-05-14 17:28:08.183810',2,12,32);
INSERT INTO "app_surveyanswer" VALUES(138,3,'2025-05-14 17:28:08.183810',2,12,33);
INSERT INTO "app_surveyanswer" VALUES(139,4,'2025-05-14 17:28:08.198590',2,12,34);
INSERT INTO "app_surveyanswer" VALUES(140,2,'2025-05-14 17:28:08.199873',2,12,35);
INSERT INTO "app_surveyanswer" VALUES(141,4,'2025-05-14 17:28:08.199873',2,12,36);
INSERT INTO "app_surveyanswer" VALUES(142,3,'2025-05-14 17:28:08.199873',2,12,37);
INSERT INTO "app_surveyanswer" VALUES(143,2,'2025-05-14 17:28:08.199873',2,12,38);
INSERT INTO "app_surveyanswer" VALUES(144,4,'2025-05-14 17:28:08.212882',2,12,39);
INSERT INTO "app_surveyanswer" VALUES(145,4,'2025-05-14 17:28:08.216403',2,12,40);
INSERT INTO "app_surveyanswer" VALUES(146,3,'2025-05-14 17:28:08.218258',2,12,41);
INSERT INTO "app_surveyanswer" VALUES(147,4,'2025-05-14 17:28:08.218258',2,12,42);
INSERT INTO "app_surveyanswer" VALUES(148,3,'2025-05-14 17:28:08.218258',2,12,43);
INSERT INTO "app_surveyanswer" VALUES(149,2,'2025-05-14 17:33:50.199579',3,10,8);
INSERT INTO "app_surveyanswer" VALUES(150,4,'2025-05-14 17:33:50.204041',3,10,9);
INSERT INTO "app_surveyanswer" VALUES(151,5,'2025-05-14 17:33:50.208326',3,10,10);
INSERT INTO "app_surveyanswer" VALUES(152,3,'2025-05-15 17:26:12.827779',3,14,8);
INSERT INTO "app_surveyanswer" VALUES(153,5,'2025-05-15 17:26:12.852829',3,14,9);
INSERT INTO "app_surveyanswer" VALUES(154,4,'2025-05-15 17:26:12.862834',3,14,10);
INSERT INTO "app_surveyanswer" VALUES(155,3,'2025-05-15 17:26:12.867486',3,14,11);
CREATE TABLE "app_surveycomment" ("id" integer NOT NULL PRIMARY KEY AUTOINCREMENT, "text" text NOT NULL, "submitted_at" datetime NOT NULL, "service_id" bigint NOT NULL REFERENCES "app_medicalservice" ("id") DEFERRABLE INITIALLY DEFERRED, "user_id" integer NOT NULL REFERENCES "auth_user" ("id") DEFERRABLE INITIALLY DEFERRED);
INSERT INTO "app_surveycomment" VALUES(2,'Супер','2025-05-14 14:05:21.751091',1,10);
INSERT INTO "app_surveycomment" VALUES(3,'Класно!','2025-05-14 15:17:29.033618',3,12);
INSERT INTO "app_surveycomment" VALUES(4,'Все супер класно!','2025-05-15 17:26:12.874583',3,14);
CREATE TABLE "app_surveyquestion" ("id" integer NOT NULL PRIMARY KEY AUTOINCREMENT, "text" text NOT NULL, "for_role" varchar(10) NOT NULL, "category" varchar(30) NOT NULL);
INSERT INTO "app_surveyquestion" VALUES(8,'Наскільки легко було знайти потрібну інформацію або функцію на сайті?','patient','interface');
INSERT INTO "app_surveyquestion" VALUES(9,'Наскільки зрозумілим був інтерфейс сервісу?','patient','interface');
INSERT INTO "app_surveyquestion" VALUES(10,'Наскільки швидко ви знайшли контактну інформацію або підтримку?','patient','interface');
INSERT INTO "app_surveyquestion" VALUES(11,'Наскільки зручно вам було одразу зорієнтуватись на головній сторінці?','patient','interface');
INSERT INTO "app_surveyquestion" VALUES(12,'Наскільки зручно було користуватись сервісом зі смартфона або планшета?','patient','mobile');
INSERT INTO "app_surveyquestion" VALUES(13,'Наскільки часто виникали проблеми з відображенням сторінок на мобільному пристрої?','patient','mobile');
INSERT INTO "app_surveyquestion" VALUES(14,'Наскільки швидко завантажувалися сторінки сервісу?','patient','speed');
INSERT INTO "app_surveyquestion" VALUES(15,'Наскільки часто виникали збої або помилки під час користування?','patient','speed');
INSERT INTO "app_surveyquestion" VALUES(16,'Наскільки зручно було знайти лікаря або медичний заклад?','patient','booking');
INSERT INTO "app_surveyquestion" VALUES(17,'Наскільки простим був процес запису на прийом?','patient','booking');
INSERT INTO "app_surveyquestion" VALUES(18,'Наскільки повною була інформація про лікарів/клініки?','patient','booking');
INSERT INTO "app_surveyquestion" VALUES(19,'Наскільки зручно вам було змінити або скасувати запис?','patient','booking');
INSERT INTO "app_surveyquestion" VALUES(20,'Наскільки зручно вам були доступні потрібні медичні послуги через сервіс?','patient','booking');
INSERT INTO "app_surveyquestion" VALUES(21,'Наскільки ефективною була служба підтримки?','patient','trust');
INSERT INTO "app_surveyquestion" VALUES(22,'Наскільки безпечно ви почували себе під час введення персональних даних?','patient','trust');
INSERT INTO "app_surveyquestion" VALUES(23,'Наскільки ви довіряєте сервісу?','patient','trust');
INSERT INTO "app_surveyquestion" VALUES(24,'Наскільки ви задоволені загальним досвідом використання?','patient','general');
INSERT INTO "app_surveyquestion" VALUES(25,'Наскільки б рекомендували б ви цей сервіс іншим?','patient','general');
INSERT INTO "app_surveyquestion" VALUES(26,'Наскільки зручно було знаходити інформацію про пацієнтів на сервісі?','doctor','interface');
INSERT INTO "app_surveyquestion" VALUES(27,'Наскільки зрозумілою є структура інтерфейсу для лікаря?','doctor','interface');
INSERT INTO "app_surveyquestion" VALUES(28,'Наскільки швидко ви знаходили потрібні функції (наприклад, створення запису)?','doctor','interface');
INSERT INTO "app_surveyquestion" VALUES(29,'Наскільки легко знаходити історію відвідувань пацієнтів?','doctor','interface');
INSERT INTO "app_surveyquestion" VALUES(30,'Наскільки зрозумілою є система повідомлень сервісу?','doctor','interface');
INSERT INTO "app_surveyquestion" VALUES(31,'Наскільки просто створювати новий запис пацієнта?','doctor','booking');
INSERT INTO "app_surveyquestion" VALUES(32,'Наскільки легко редагувати або скасовувати записи?','doctor','booking');
INSERT INTO "app_surveyquestion" VALUES(33,'Наскільки зручно переглядати медичні результати через сервіс?','doctor','booking');
INSERT INTO "app_surveyquestion" VALUES(34,'Наскільки зручно додавати нотатки під час консультації?','doctor','booking');
INSERT INTO "app_surveyquestion" VALUES(35,'Наскільки швидко доступні дані про минулі консультації?','doctor','booking');
INSERT INTO "app_surveyquestion" VALUES(36,'Наскільки стабільно працює сервіс без збоїв?','doctor','speed');
INSERT INTO "app_surveyquestion" VALUES(37,'Наскільки швидко завантажуються сторінки сервісу?','doctor','speed');
INSERT INTO "app_surveyquestion" VALUES(38,'Наскільки часто ви стикалися з технічними помилками?','doctor','speed');
INSERT INTO "app_surveyquestion" VALUES(39,'Наскільки сервіс стабільно працює під час пікового навантаження?','doctor','speed');
INSERT INTO "app_surveyquestion" VALUES(40,'Наскільки швидко реагує технічна підтримка на запити?','doctor','trust');
INSERT INTO "app_surveyquestion" VALUES(41,'Наскільки корисною була документація або FAQ сервісу?','doctor','trust');
INSERT INTO "app_surveyquestion" VALUES(42,'Наскільки сервіс полегшує вашу щоденну роботу?','doctor','general');
INSERT INTO "app_surveyquestion" VALUES(43,'Наскільки ви задоволені сервісом загалом?','doctor','general');
CREATE TABLE "app_validlicense" ("id" integer NOT NULL PRIMARY KEY AUTOINCREMENT, "license_number" varchar(100) NOT NULL UNIQUE);
INSERT INTO "app_validlicense" VALUES(1,'00000001');
INSERT INTO "app_validlicense" VALUES(2,'00000002');
INSERT INTO "app_validlicense" VALUES(3,'00000003');
INSERT INTO "app_validlicense" VALUES(4,'120909');
CREATE TABLE "auth_group" ("id" integer NOT NULL PRIMARY KEY AUTOINCREMENT, "name" varchar(150) NOT NULL UNIQUE);
CREATE TABLE "auth_group_permissions" ("id" integer NOT NULL PRIMARY KEY AUTOINCREMENT, "group_id" integer NOT NULL REFERENCES "auth_group" ("id") DEFERRABLE INITIALLY DEFERRED, "permission_id" integer NOT NULL REFERENCES "auth_permission" ("id") DEFERRABLE INITIALLY DEFERRED);
CREATE TABLE "auth_permission" ("id" integer NOT NULL PRIMARY KEY AUTOINCREMENT, "content_type_id" integer NOT NULL REFERENCES "django_content_type" ("id") DEFERRABLE INITIALLY DEFERRED, "codename" varchar(100) NOT NULL, "name" varchar(255) NOT NULL);
INSERT INTO "auth_permission" VALUES(1,1,'add_logentry','Can add log entry');
INSERT INTO "auth_permission" VALUES(2,1,'change_logentry','Can change log entry');
INSERT INTO "auth_permission" VALUES(3,1,'delete_logentry','Can delete log entry');
INSERT INTO "auth_permission" VALUES(4,1,'view_logentry','Can view log entry');
INSERT INTO "auth_permission" VALUES(5,2,'add_permission','Can add permission');
INSERT INTO "auth_permission" VALUES(6,2,'change_permission','Can change permission');
INSERT INTO "auth_permission" VALUES(7,2,'delete_permission','Can delete permission');
INSERT INTO "auth_permission" VALUES(8,2,'view_permission','Can view permission');
INSERT INTO "auth_permission" VALUES(9,3,'add_group','Can add group');
INSERT INTO "auth_permission" VALUES(10,3,'change_group','Can change group');
INSERT INTO "auth_permission" VALUES(11,3,'delete_group','Can delete group');
INSERT INTO "auth_permission" VALUES(12,3,'view_group','Can view group');
INSERT INTO "auth_permission" VALUES(13,4,'add_user','Can add user');
INSERT INTO "auth_permission" VALUES(14,4,'change_user','Can change user');
INSERT INTO "auth_permission" VALUES(15,4,'delete_user','Can delete user');
INSERT INTO "auth_permission" VALUES(16,4,'view_user','Can view user');
INSERT INTO "auth_permission" VALUES(17,5,'add_contenttype','Can add content type');
INSERT INTO "auth_permission" VALUES(18,5,'change_contenttype','Can change content type');
INSERT INTO "auth_permission" VALUES(19,5,'delete_contenttype','Can delete content type');
INSERT INTO "auth_permission" VALUES(20,5,'view_contenttype','Can view content type');
INSERT INTO "auth_permission" VALUES(21,6,'add_session','Can add session');
INSERT INTO "auth_permission" VALUES(22,6,'change_session','Can change session');
INSERT INTO "auth_permission" VALUES(23,6,'delete_session','Can delete session');
INSERT INTO "auth_permission" VALUES(24,6,'view_session','Can view session');
INSERT INTO "auth_permission" VALUES(25,7,'add_doctor','Can add doctor');
INSERT INTO "auth_permission" VALUES(26,7,'change_doctor','Can change doctor');
INSERT INTO "auth_permission" VALUES(27,7,'delete_doctor','Can delete doctor');
INSERT INTO "auth_permission" VALUES(28,7,'view_doctor','Can view doctor');
INSERT INTO "auth_permission" VALUES(29,8,'add_patient','Can add patient');
INSERT INTO "auth_permission" VALUES(30,8,'change_patient','Can change patient');
INSERT INTO "auth_permission" VALUES(31,8,'delete_patient','Can delete patient');
INSERT INTO "auth_permission" VALUES(32,8,'view_patient','Can view patient');
INSERT INTO "auth_permission" VALUES(33,9,'add_surveyquestion','Can add survey question');
INSERT INTO "auth_permission" VALUES(34,9,'change_surveyquestion','Can change survey question');
INSERT INTO "auth_permission" VALUES(35,9,'delete_surveyquestion','Can delete survey question');
INSERT INTO "auth_permission" VALUES(36,9,'view_surveyquestion','Can view survey question');
INSERT INTO "auth_permission" VALUES(37,10,'add_surveycomment','Can add survey comment');
INSERT INTO "auth_permission" VALUES(38,10,'change_surveycomment','Can change survey comment');
INSERT INTO "auth_permission" VALUES(39,10,'delete_surveycomment','Can delete survey comment');
INSERT INTO "auth_permission" VALUES(40,10,'view_surveycomment','Can view survey comment');
INSERT INTO "auth_permission" VALUES(41,11,'add_medicalservice','Can add medical service');
INSERT INTO "auth_permission" VALUES(42,11,'change_medicalservice','Can change medical service');
INSERT INTO "auth_permission" VALUES(43,11,'delete_medicalservice','Can delete medical service');
INSERT INTO "auth_permission" VALUES(44,11,'view_medicalservice','Can view medical service');
INSERT INTO "auth_permission" VALUES(45,12,'add_surveyanswer','Can add survey answer');
INSERT INTO "auth_permission" VALUES(46,12,'change_surveyanswer','Can change survey answer');
INSERT INTO "auth_permission" VALUES(47,12,'delete_surveyanswer','Can delete survey answer');
INSERT INTO "auth_permission" VALUES(48,12,'view_surveyanswer','Can view survey answer');
INSERT INTO "auth_permission" VALUES(49,13,'add_validlicense','Can add valid license');
INSERT INTO "auth_permission" VALUES(50,13,'change_validlicense','Can change valid license');
INSERT INTO "auth_permission" VALUES(51,13,'delete_validlicense','Can delete valid license');
INSERT INTO "auth_permission" VALUES(52,13,'view_validlicense','Can view valid license');
CREATE TABLE "auth_user" ("id" integer NOT NULL PRIMARY KEY AUTOINCREMENT, "password" varchar(128) NOT NULL, "last_login" datetime NULL, "is_superuser" bool NOT NULL, "username" varchar(150) NOT NULL UNIQUE, "last_name" varchar(150) NOT NULL, "email" varchar(254) NOT NULL, "is_staff" bool NOT NULL, "is_active" bool NOT NULL, "date_joined" datetime NOT NULL, "first_name" varchar(150) NOT NULL);
INSERT INTO "auth_user" VALUES(1,'pbkdf2_sha256$1000000$KPNihNeWBvZW7wdhEPvCeG$bSWwYfn75B2QqiDdzvwgjT/BAIYFCBLOZQhsLNixaDQ=','2025-05-16 15:16:23.269205',1,'admin2','','admin2@medicheck.com',1,1,'2025-04-02 23:15:30.171109','');
INSERT INTO "auth_user" VALUES(2,'!Tp4wrjZvEfYp4lmjzBKs5FeIULHQTHvzfY3JcBEu','2025-05-11 19:22:40.450070',0,'st.mvd@gmail.com','','st.mvd@gmail.com',0,1,'2025-04-03 14:22:55.224114','');
INSERT INTO "auth_user" VALUES(3,'pbkdf2_sha256$1000000$eN2fN2rzlCbpI2TvrG3g5e$7IIsXiMVDgyOTMxk61n46mITkwsCWZFso9LswASWQgE=','2025-05-13 19:58:18.780268',0,'omelolena@gmail.com','','omelolena@gmail.com',0,1,'2025-04-30 10:56:21.604964','');
INSERT INTO "auth_user" VALUES(4,'pbkdf2_sha256$1000000$3ghb6AboH6HswQqbycfGNm$xowii5q2NVXZY5KMlEwatVKzlA9aze71cL28cwxqCJQ=','2025-05-11 20:22:17.925264',0,'yvlivnv@gmail.com','','yvlivnv@gmail.com',0,1,'2025-05-11 19:17:32.617899','');
INSERT INTO "auth_user" VALUES(5,'pbkdf2_sha256$1000000$WtrLblavvPqens1HFBjX9F$OckKE35FLQxiSm3Y3zKZmUSLsa1n/nFj0j3liaTcTpc=','2025-05-11 21:10:31.806523',0,'petrykmuk@gmail.com','','petrykmuk@gmail.com',0,1,'2025-05-11 21:08:09.923046','');
INSERT INTO "auth_user" VALUES(6,'pbkdf2_sha256$1000000$OO9li1AOvWPWfziOfFLECf$9PMaXjr937he7slSElqz+WwS0c3JN5rOBunNc9/lwic=','2025-05-11 21:13:30.609645',0,'olenka@gmail.com','','olenka@gmail.com',0,1,'2025-05-11 21:13:19.231151','');
INSERT INTO "auth_user" VALUES(7,'pbkdf2_sha256$1000000$Wa6RdoYIicgdK4j0HHR5yZ$L9WPXJq1zIlBqlzuuUcD8kYUORpyTjwmQmd2pqrQAB8=','2025-05-12 15:57:30.414505',0,'yulianka@gmail.com','','yulianka@gmail.com',0,1,'2025-05-11 21:14:36.084982','');
INSERT INTO "auth_user" VALUES(8,'pbkdf2_sha256$1000000$fMBj0II2yUEubwkpL9xemU$PNH+oAIt1agygo3Iz4JA/08JZbZbiUG2DFgdydU+AK0=','2025-05-13 20:10:30.019619',0,'stefunka@gmail.com','','stefunka@gmail.com',0,1,'2025-05-13 20:10:14.338139','');
INSERT INTO "auth_user" VALUES(9,'pbkdf2_sha256$1000000$aTJmvvfWKSGlsQoTxpbIII$4GWHCwjQaBnmBIw1yHh4QXVigfHWIHQvFx2dIE4XsAo=','2025-05-16 11:41:13.375397',0,'allapela@gmail.com','','allapela@gmail.com',0,1,'2025-05-13 20:30:40.610502','');
INSERT INTO "auth_user" VALUES(10,'pbkdf2_sha256$1000000$LOmpfIFtTCPo0cle1yUBJH$+t6dCEBx/EndjWN2e7M0+xpmljjV+RUGxyHsYXZXcGw=','2025-05-16 09:14:55.695065',0,'birban@gmail.com','','birban@gmail.com',0,1,'2025-05-14 11:43:05.861846','');
INSERT INTO "auth_user" VALUES(11,'pbkdf2_sha256$1000000$WtJabhCELCjRxZKKpEhsxG$I9nyAsNJA+QzlD197zzTs2X8RXYPNTORtit+W3weqtQ=',NULL,0,'igorm@gmail.com','','igorm@gmail.com',0,1,'2025-05-14 12:02:12.989596','');
INSERT INTO "auth_user" VALUES(12,'pbkdf2_sha256$1000000$MrbkqYBTUWyJGrCBTDUojn$SqanhwZdU9rbmp8XukpY0GIkyrC8k8JXta60I/JfN/w=','2025-05-15 10:30:09.680257',0,'staromudpavlo@gmail.com','','staromudpavlo@gmail.com',0,1,'2025-05-14 12:11:06.568004','');
INSERT INTO "auth_user" VALUES(13,'pbkdf2_sha256$1000000$buHyXY3sOrV5efMneArRaP$y/PtXkd63/hBcHZOBsMEi1iJPwBnqxSsVaqX0QDfVxE=','2025-05-15 10:56:07.033292',0,'shevchenko@gmail.com','','shevchenko@gmail.com',0,1,'2025-05-15 10:35:47.987009','');
INSERT INTO "auth_user" VALUES(14,'pbkdf2_sha256$1000000$Vhkq6wnE77Lp2o4T23Mxio$3z4+wiyr+E0Z2BBAHZtUyzVIyxh+Kb/jPRniYBGkF1Q=','2025-05-15 17:25:40.595097',0,'dianka@gmail.com','','dianka@gmail.com',0,1,'2025-05-15 17:25:24.267646','');
CREATE TABLE "auth_user_groups" ("id" integer NOT NULL PRIMARY KEY AUTOINCREMENT, "user_id" integer NOT NULL REFERENCES "auth_user" ("id") DEFERRABLE INITIALLY DEFERRED, "group_id" integer NOT NULL REFERENCES "auth_group" ("id") DEFERRABLE INITIALLY DEFERRED);
CREATE TABLE "auth_user_user_permissions" ("id" integer NOT NULL PRIMARY KEY AUTOINCREMENT, "user_id" integer NOT NULL REFERENCES "auth_user" ("id") DEFERRABLE INITIALLY DEFERRED, "permission_id" integer NOT NULL REFERENCES "auth_permission" ("id") DEFERRABLE INITIALLY DEFERRED);
CREATE TABLE "django_admin_log" ("id" integer NOT NULL PRIMARY KEY AUTOINCREMENT, "object_id" text NULL, "object_repr" varchar(200) NOT NULL, "action_flag" smallint unsigned NOT NULL CHECK ("action_flag" >= 0), "change_message" text NOT NULL, "content_type_id" integer NULL REFERENCES "django_content_type" ("id") DEFERRABLE INITIALLY DEFERRED, "user_id" integer NOT NULL REFERENCES "auth_user" ("id") DEFERRABLE INITIALLY DEFERRED, "action_time" datetime NOT NULL);
INSERT INTO "django_admin_log" VALUES(1,'3','Баран Андрій',3,'',7,1,'2025-04-30 10:56:49.344608');
INSERT INTO "django_admin_log" VALUES(2,'2','Поленко Аліна',3,'',7,1,'2025-04-30 10:56:49.344608');
INSERT INTO "django_admin_log" VALUES(3,'1','Миколайчук Петро ',3,'',7,1,'2025-04-30 10:56:49.344608');
INSERT INTO "django_admin_log" VALUES(4,'1','Стефунька Юліана',3,'',8,1,'2025-04-30 10:57:02.153403');
INSERT INTO "django_admin_log" VALUES(5,'1','Helsi',1,'[{"added": {}}]',11,1,'2025-04-30 13:49:22.097532');
INSERT INTO "django_admin_log" VALUES(6,'2','Health24',1,'[{"added": {}}]',11,1,'2025-04-30 13:49:37.147484');
INSERT INTO "django_admin_log" VALUES(7,'3','Medics',1,'[{"added": {}}]',11,1,'2025-04-30 13:49:49.000961');
INSERT INTO "django_admin_log" VALUES(8,'4','Doc.ua',1,'[{"added": {}}]',11,1,'2025-04-30 13:50:01.692168');
INSERT INTO "django_admin_log" VALUES(9,'1','SurveyComment object (1)',3,'',10,1,'2025-04-30 13:51:38.599363');
INSERT INTO "django_admin_log" VALUES(10,'1','Наскільки легко було знайти потрібний сервіс або функцію на сайті?',1,'[{"added": {}}]',9,1,'2025-04-30 13:55:24.754351');
INSERT INTO "django_admin_log" VALUES(11,'2','Чи зручно вам було користуватись сервісом з мобільного пристрою?',1,'[{"added": {}}]',9,1,'2025-04-30 13:59:06.806364');
INSERT INTO "django_admin_log" VALUES(12,'3','Наскільки швидко завантажуються сторінки сервісу?',1,'[{"added": {}}]',9,1,'2025-04-30 13:59:22.526074');
INSERT INTO "django_admin_log" VALUES(13,'4','Наскільки зрозумілим є інтерфейс сайту?',1,'[{"added": {}}]',9,1,'2025-04-30 13:59:35.323717');
INSERT INTO "django_admin_log" VALUES(14,'5','Наскільки легко знайти контактну інформацію або допомогу?',1,'[{"added": {}}]',9,1,'2025-04-30 13:59:47.091525');
INSERT INTO "django_admin_log" VALUES(15,'6','Наскільки задоволені ви процесом запису на прийом?',1,'[{"added": {}}]',9,1,'2025-04-30 13:59:57.925469');
INSERT INTO "django_admin_log" VALUES(16,'7','Наскільки ви довіряєте сервісу?',1,'[{"added": {}}]',9,1,'2025-04-30 14:00:10.854337');
INSERT INTO "django_admin_log" VALUES(17,'7','Наскільки ви довіряєте сервісу?',3,'',9,1,'2025-04-30 19:29:05.534852');
INSERT INTO "django_admin_log" VALUES(18,'6','Наскільки задоволені ви процесом запису на прийом?',3,'',9,1,'2025-04-30 19:29:05.534852');
INSERT INTO "django_admin_log" VALUES(19,'5','Наскільки легко знайти контактну інформацію або допомогу?',3,'',9,1,'2025-04-30 19:29:05.534852');
INSERT INTO "django_admin_log" VALUES(20,'4','Наскільки зрозумілим є інтерфейс сайту?',3,'',9,1,'2025-04-30 19:29:05.534852');
INSERT INTO "django_admin_log" VALUES(21,'3','Наскільки швидко завантажуються сторінки сервісу?',3,'',9,1,'2025-04-30 19:29:05.534852');
INSERT INTO "django_admin_log" VALUES(22,'2','Чи зручно вам було користуватись сервісом з мобільного пристрою?',3,'',9,1,'2025-04-30 19:29:05.534852');
INSERT INTO "django_admin_log" VALUES(23,'1','Наскільки легко було знайти потрібний сервіс або функцію на сайті?',3,'',9,1,'2025-04-30 19:29:05.534852');
INSERT INTO "django_admin_log" VALUES(24,'8','Наскільки легко було знайти потрібну інформацію або функцію на сайті?',1,'[{"added": {}}]',9,1,'2025-04-30 19:30:07.231027');
INSERT INTO "django_admin_log" VALUES(25,'9','Наскільки зрозумілим був інтерфейс сервісу?',1,'[{"added": {}}]',9,1,'2025-04-30 19:30:25.359158');
INSERT INTO "django_admin_log" VALUES(26,'10','Наскільки швидко ви знайшли контактну інформацію або підтримку?',1,'[{"added": {}}]',9,1,'2025-04-30 19:37:43.439413');
INSERT INTO "django_admin_log" VALUES(27,'11','Чи вдалося вам одразу зорієнтуватись на головній сторінці?',1,'[{"added": {}}]',9,1,'2025-04-30 19:38:00.844653');
INSERT INTO "django_admin_log" VALUES(28,'12','Чи зручно було користуватись сервісом зі смартфона або планшета?',1,'[{"added": {}}]',9,1,'2025-04-30 19:38:29.022181');
INSERT INTO "django_admin_log" VALUES(29,'13','Чи були проблеми з відображенням сторінок на мобільному пристрої?',1,'[{"added": {}}]',9,1,'2025-04-30 19:38:47.534162');
INSERT INTO "django_admin_log" VALUES(30,'14','Наскільки швидко завантажувалися сторінки сервісу?',1,'[{"added": {}}]',9,1,'2025-04-30 19:39:08.851137');
INSERT INTO "django_admin_log" VALUES(31,'15','Чи виникали збої або помилки під час користування?',1,'[{"added": {}}]',9,1,'2025-04-30 19:39:41.763957');
INSERT INTO "django_admin_log" VALUES(32,'16','Наскільки зручно було знайти лікаря або медичний заклад?',1,'[{"added": {}}]',9,1,'2025-04-30 19:52:44.725368');
INSERT INTO "django_admin_log" VALUES(33,'17','Наскільки простим був процес запису на прийом?',1,'[{"added": {}}]',9,1,'2025-04-30 19:53:07.150138');
INSERT INTO "django_admin_log" VALUES(34,'18','Наскільки повною була інформація про лікарів/клініки?',1,'[{"added": {}}]',9,1,'2025-04-30 19:54:33.893482');
INSERT INTO "django_admin_log" VALUES(35,'19','Чи мали ви змогу змінити або скасувати запис?',1,'[{"added": {}}]',9,1,'2025-04-30 19:55:10.254261');
INSERT INTO "django_admin_log" VALUES(36,'20','Чи були доступні потрібні вам медичні послуги через сервіс?',1,'[{"added": {}}]',9,1,'2025-04-30 19:55:29.008198');
INSERT INTO "django_admin_log" VALUES(37,'21','Наскільки ефективною була служба підтримки?',1,'[{"added": {}}]',9,1,'2025-04-30 19:56:07.088183');
INSERT INTO "django_admin_log" VALUES(38,'22','Наскільки безпечно ви почували себе під час введення персональних даних?',1,'[{"added": {}}]',9,1,'2025-04-30 19:56:23.879992');
INSERT INTO "django_admin_log" VALUES(39,'23','Наскільки ви довіряєте сервісу?',1,'[{"added": {}}]',9,1,'2025-04-30 19:56:40.360428');
INSERT INTO "django_admin_log" VALUES(40,'24','Наскільки ви задоволені загальним досвідом використання?',1,'[{"added": {}}]',9,1,'2025-04-30 19:56:55.349834');
INSERT INTO "django_admin_log" VALUES(41,'25','Наскільки б рекомендували б ви цей сервіс іншим?',1,'[{"added": {}}]',9,1,'2025-04-30 19:57:25.369073');
INSERT INTO "django_admin_log" VALUES(42,'20','Наскільки зрчуно вам були доступні потрібні медичні послуги через сервіс?',2,'[{"changed": {"fields": ["Text"]}}]',9,1,'2025-05-04 12:16:54.186245');
INSERT INTO "django_admin_log" VALUES(43,'20','Наскільки зручно вам були доступні потрібні медичні послуги через сервіс?',2,'[{"changed": {"fields": ["Text"]}}]',9,1,'2025-05-04 12:17:03.896891');
INSERT INTO "django_admin_log" VALUES(44,'19','Наскільки зручно вам було змінити або скасувати запис?',2,'[{"changed": {"fields": ["Text"]}}]',9,1,'2025-05-04 12:17:26.172661');
INSERT INTO "django_admin_log" VALUES(45,'15','Наскільки часто виникали збої або помилки під час користування?',2,'[{"changed": {"fields": ["Text"]}}]',9,1,'2025-05-04 12:17:43.145832');
INSERT INTO "django_admin_log" VALUES(46,'13','Наскільки часто виникали проблеми з відображенням сторінок на мобільному пристрої?',2,'[{"changed": {"fields": ["Text"]}}]',9,1,'2025-05-04 12:18:12.107065');
INSERT INTO "django_admin_log" VALUES(47,'12','Наскільки зручно було користуватись сервісом зі смартфона або планшета?',2,'[{"changed": {"fields": ["Text"]}}]',9,1,'2025-05-04 12:18:21.679279');
INSERT INTO "django_admin_log" VALUES(48,'11','Наскільки зручно вам було одразу зорієнтуватись на головній сторінці?',2,'[{"changed": {"fields": ["Text"]}}]',9,1,'2025-05-04 12:18:40.375714');
INSERT INTO "django_admin_log" VALUES(49,'26','Наскільки зручно було знаходити інформацію про пацієнтів на сервісі?',1,'[{"added": {}}]',9,1,'2025-05-04 12:23:15.756440');
INSERT INTO "django_admin_log" VALUES(50,'27','Наскільки зрозумілою є структура інтерфейсу для лікаря?',1,'[{"added": {}}]',9,1,'2025-05-04 12:23:34.466805');
INSERT INTO "django_admin_log" VALUES(51,'28','Наскільки швидко ви знаходили потрібні функції (наприклад, створення запису)?',1,'[{"added": {}}]',9,1,'2025-05-04 12:23:56.502515');
INSERT INTO "django_admin_log" VALUES(52,'29','Наскільки легко знаходити історію відвідувань пацієнтів?',1,'[{"added": {}}]',9,1,'2025-05-04 12:24:16.321789');
INSERT INTO "django_admin_log" VALUES(53,'30','Наскільки зрозумілою є система повідомлень сервісу?',1,'[{"added": {}}]',9,1,'2025-05-04 12:24:35.627541');
INSERT INTO "django_admin_log" VALUES(54,'31','Наскільки просто створювати новий запис пацієнта?',1,'[{"added": {}}]',9,1,'2025-05-04 12:25:06.720916');
INSERT INTO "django_admin_log" VALUES(55,'32','Наскільки легко редагувати або скасовувати записи?',1,'[{"added": {}}]',9,1,'2025-05-04 12:25:24.009491');
INSERT INTO "django_admin_log" VALUES(56,'33','Наскільки зручно переглядати медичні результати через сервіс?',1,'[{"added": {}}]',9,1,'2025-05-04 12:25:51.198154');
INSERT INTO "django_admin_log" VALUES(57,'34','Наскільки зручно додавати нотатки під час консультації?',1,'[{"added": {}}]',9,1,'2025-05-04 12:26:12.255661');
INSERT INTO "django_admin_log" VALUES(58,'35','Наскільки швидко доступні дані про минулі консультації?',1,'[{"added": {}}]',9,1,'2025-05-04 12:26:32.222641');
INSERT INTO "django_admin_log" VALUES(59,'36','Наскільки стабільно працює сервіс без збоїв?',1,'[{"added": {}}]',9,1,'2025-05-04 12:26:49.429290');
INSERT INTO "django_admin_log" VALUES(60,'37','Наскільки швидко завантажуються сторінки сервісу?',1,'[{"added": {}}]',9,1,'2025-05-04 12:27:05.752749');
INSERT INTO "django_admin_log" VALUES(61,'38','Наскільки часто ви стикалися з технічними помилками?',1,'[{"added": {}}]',9,1,'2025-05-04 12:27:27.908028');
INSERT INTO "django_admin_log" VALUES(62,'39','Наскільки сервіс стабільно працює під час пікового навантаження?',1,'[{"added": {}}]',9,1,'2025-05-04 12:27:44.297157');
INSERT INTO "django_admin_log" VALUES(63,'40','Наскільки швидко реагує технічна підтримка на запити?',1,'[{"added": {}}]',9,1,'2025-05-04 12:28:06.946761');
INSERT INTO "django_admin_log" VALUES(64,'41','Наскільки корисною була документація або FAQ сервісу?',1,'[{"added": {}}]',9,1,'2025-05-04 12:28:23.826279');
INSERT INTO "django_admin_log" VALUES(65,'42','Наскільки сервіс полегшує вашу щоденну роботу?',1,'[{"added": {}}]',9,1,'2025-05-04 12:28:37.082176');
INSERT INTO "django_admin_log" VALUES(66,'43','Наскільки ви задоволені сервісом загалом?',1,'[{"added": {}}]',9,1,'2025-05-04 12:28:49.127321');
INSERT INTO "django_admin_log" VALUES(67,'43','Наскільки ви задоволені сервісом загалом?',2,'[]',9,1,'2025-05-04 13:19:13.122031');
INSERT INTO "django_admin_log" VALUES(68,'2','Мавдрик Стефанія',3,'',8,1,'2025-05-11 19:30:58.648593');
INSERT INTO "django_admin_log" VALUES(69,'3','Стефунька Юліана',3,'',8,1,'2025-05-11 19:58:50.310226');
INSERT INTO "django_admin_log" VALUES(70,'4','Стефунька Юліана',3,'',8,1,'2025-05-11 20:42:28.623196');
INSERT INTO "django_admin_log" VALUES(71,'5','Стефунька Юліана',2,'[{"changed": {"fields": ["Password"]}}]',8,1,'2025-05-11 20:44:25.927302');
INSERT INTO "django_admin_log" VALUES(72,'6','Мавдрик Стефанія',3,'',8,1,'2025-05-11 21:11:00.905628');
INSERT INTO "django_admin_log" VALUES(73,'5','Стефунька Юліана',3,'',8,1,'2025-05-11 21:11:00.905628');
INSERT INTO "django_admin_log" VALUES(74,'8','Стефунька Юліана',3,'',8,1,'2025-05-11 21:13:57.795320');
INSERT INTO "django_admin_log" VALUES(75,'1','00000001',1,'[{"added": {}}]',13,1,'2025-05-13 20:04:26.298934');
INSERT INTO "django_admin_log" VALUES(76,'2','00000002',1,'[{"added": {}}]',13,1,'2025-05-13 20:04:32.383356');
INSERT INTO "django_admin_log" VALUES(77,'3','00000003',1,'[{"added": {}}]',13,1,'2025-05-13 20:04:41.664275');
INSERT INTO "django_admin_log" VALUES(78,'4','120909',1,'[{"added": {}}]',13,1,'2025-05-13 20:05:03.357386');
INSERT INTO "django_admin_log" VALUES(79,'13','Стефунька Діана',2,'[{"changed": {"fields": ["Middle name"]}}]',8,1,'2025-05-16 15:16:38.918159');
CREATE TABLE "django_content_type" ("id" integer NOT NULL PRIMARY KEY AUTOINCREMENT, "app_label" varchar(100) NOT NULL, "model" varchar(100) NOT NULL);
INSERT INTO "django_content_type" VALUES(1,'admin','logentry');
INSERT INTO "django_content_type" VALUES(2,'auth','permission');
INSERT INTO "django_content_type" VALUES(3,'auth','group');
INSERT INTO "django_content_type" VALUES(4,'auth','user');
INSERT INTO "django_content_type" VALUES(5,'contenttypes','contenttype');
INSERT INTO "django_content_type" VALUES(6,'sessions','session');
INSERT INTO "django_content_type" VALUES(7,'app','doctor');
INSERT INTO "django_content_type" VALUES(8,'app','patient');
INSERT INTO "django_content_type" VALUES(9,'app','surveyquestion');
INSERT INTO "django_content_type" VALUES(10,'app','surveycomment');
INSERT INTO "django_content_type" VALUES(11,'app','medicalservice');
INSERT INTO "django_content_type" VALUES(12,'app','surveyanswer');
INSERT INTO "django_content_type" VALUES(13,'app','validlicense');
CREATE TABLE "django_migrations" ("id" integer NOT NULL PRIMARY KEY AUTOINCREMENT, "app" varchar(255) NOT NULL, "name" varchar(255) NOT NULL, "applied" datetime NOT NULL);
INSERT INTO "django_migrations" VALUES(1,'contenttypes','0001_initial','2025-04-02 19:34:12.100619');
INSERT INTO "django_migrations" VALUES(2,'auth','0001_initial','2025-04-02 19:34:12.121330');
INSERT INTO "django_migrations" VALUES(3,'admin','0001_initial','2025-04-02 19:34:12.137603');
INSERT INTO "django_migrations" VALUES(4,'admin','0002_logentry_remove_auto_add','2025-04-02 19:34:12.150020');
INSERT INTO "django_migrations" VALUES(5,'admin','0003_logentry_add_action_flag_choices','2025-04-02 19:34:12.159020');
INSERT INTO "django_migrations" VALUES(6,'contenttypes','0002_remove_content_type_name','2025-04-02 19:34:12.172569');
INSERT INTO "django_migrations" VALUES(7,'auth','0002_alter_permission_name_max_length','2025-04-02 19:34:12.183256');
INSERT INTO "django_migrations" VALUES(8,'auth','0003_alter_user_email_max_length','2025-04-02 19:34:12.191505');
INSERT INTO "django_migrations" VALUES(9,'auth','0004_alter_user_username_opts','2025-04-02 19:34:12.199503');
INSERT INTO "django_migrations" VALUES(10,'auth','0005_alter_user_last_login_null','2025-04-02 19:34:12.209677');
INSERT INTO "django_migrations" VALUES(11,'auth','0006_require_contenttypes_0002','2025-04-02 19:34:12.213859');
INSERT INTO "django_migrations" VALUES(12,'auth','0007_alter_validators_add_error_messages','2025-04-02 19:34:12.220297');
INSERT INTO "django_migrations" VALUES(13,'auth','0008_alter_user_username_max_length','2025-04-02 19:34:12.233093');
INSERT INTO "django_migrations" VALUES(14,'auth','0009_alter_user_last_name_max_length','2025-04-02 19:34:12.242098');
INSERT INTO "django_migrations" VALUES(15,'auth','0010_alter_group_name_max_length','2025-04-02 19:34:12.253288');
INSERT INTO "django_migrations" VALUES(16,'auth','0011_update_proxy_permissions','2025-04-02 19:34:12.259484');
INSERT INTO "django_migrations" VALUES(17,'auth','0012_alter_user_first_name_max_length','2025-04-02 19:34:12.269564');
INSERT INTO "django_migrations" VALUES(18,'sessions','0001_initial','2025-04-02 19:34:12.276430');
INSERT INTO "django_migrations" VALUES(19,'app','0001_initial','2025-04-02 23:09:21.410119');
INSERT INTO "django_migrations" VALUES(20,'app','0002_patient','2025-04-02 23:21:39.000505');
INSERT INTO "django_migrations" VALUES(21,'app','0003_medicalservice_surveyquestion_surveycomment_and_more','2025-04-30 12:43:15.458786');
INSERT INTO "django_migrations" VALUES(22,'app','0004_surveyquestion_category','2025-04-30 19:26:57.495357');
INSERT INTO "django_migrations" VALUES(23,'app','0005_validlicense','2025-05-13 20:02:55.948275');
CREATE TABLE "django_session" ("session_key" varchar(40) NOT NULL PRIMARY KEY, "session_data" text NOT NULL, "expire_date" datetime NOT NULL);
INSERT INTO "django_session" VALUES('5h7l55km1v06ul5rvaa76ing2vvxdum2','.eJxVjMsOwiAQAP-FsyGuy6N49N5vILALUjWQlPZk_HdD0oNeZybzFj7sW_F7T6tfWFwFiNMvi4GeqQ7Bj1DvTVKr27pEORJ52C7nxul1O9q_QQm9jC1conEEHDJOhOfMETSBtYwaHaqUMlkCF_VklFZgI4IyyilnMyE78fkC2rM3UA:1uFwnk:ljpqN_Mlnv03IdXZrcgWg8r6xcGDHuPpjlxUvHU5fjE','2025-05-30 15:16:44.650418');
CREATE UNIQUE INDEX "auth_group_permissions_group_id_permission_id_0cd325b0_uniq" ON "auth_group_permissions" ("group_id", "permission_id");
CREATE INDEX "auth_group_permissions_group_id_b120cbf9" ON "auth_group_permissions" ("group_id");
CREATE INDEX "auth_group_permissions_permission_id_84c5c92e" ON "auth_group_permissions" ("permission_id");
CREATE UNIQUE INDEX "auth_user_groups_user_id_group_id_94350c0c_uniq" ON "auth_user_groups" ("user_id", "group_id");
CREATE INDEX "auth_user_groups_user_id_6a12ed8b" ON "auth_user_groups" ("user_id");
CREATE INDEX "auth_user_groups_group_id_97559544" ON "auth_user_groups" ("group_id");
CREATE UNIQUE INDEX "auth_user_user_permissions_user_id_permission_id_14a6b632_uniq" ON "auth_user_user_permissions" ("user_id", "permission_id");
CREATE INDEX "auth_user_user_permissions_user_id_a95ead1b" ON "auth_user_user_permissions" ("user_id");
CREATE INDEX "auth_user_user_permissions_permission_id_1fbb5f2c" ON "auth_user_user_permissions" ("permission_id");
CREATE INDEX "django_admin_log_content_type_id_c4bce8eb" ON "django_admin_log" ("content_type_id");
CREATE INDEX "django_admin_log_user_id_c564eba6" ON "django_admin_log" ("user_id");
CREATE UNIQUE INDEX "django_content_type_app_label_model_76bd3d3b_uniq" ON "django_content_type" ("app_label", "model");
CREATE UNIQUE INDEX "auth_permission_content_type_id_codename_01ab375a_uniq" ON "auth_permission" ("content_type_id", "codename");
CREATE INDEX "auth_permission_content_type_id_2f476e4b" ON "auth_permission" ("content_type_id");
CREATE INDEX "django_session_expire_date_a5c62663" ON "django_session" ("expire_date");
CREATE INDEX "app_surveycomment_service_id_a0f410e5" ON "app_surveycomment" ("service_id");
CREATE INDEX "app_surveycomment_user_id_3e7e32c7" ON "app_surveycomment" ("user_id");
CREATE INDEX "app_surveyanswer_service_id_95e5b642" ON "app_surveyanswer" ("service_id");
CREATE INDEX "app_surveyanswer_user_id_63cbb380" ON "app_surveyanswer" ("user_id");
CREATE INDEX "app_surveyanswer_question_id_a4e79dfc" ON "app_surveyanswer" ("question_id");
DELETE FROM "sqlite_sequence";
INSERT INTO "sqlite_sequence" VALUES('django_migrations',23);
INSERT INTO "sqlite_sequence" VALUES('django_admin_log',79);
INSERT INTO "sqlite_sequence" VALUES('django_content_type',13);
INSERT INTO "sqlite_sequence" VALUES('auth_permission',52);
INSERT INTO "sqlite_sequence" VALUES('auth_group',0);
INSERT INTO "sqlite_sequence" VALUES('auth_user',14);
INSERT INTO "sqlite_sequence" VALUES('app_doctor',8);
INSERT INTO "sqlite_sequence" VALUES('app_patient',13);
INSERT INTO "sqlite_sequence" VALUES('app_medicalservice',4);
INSERT INTO "sqlite_sequence" VALUES('app_surveycomment',4);
INSERT INTO "sqlite_sequence" VALUES('app_surveyquestion',43);
INSERT INTO "sqlite_sequence" VALUES('app_surveyanswer',155);
INSERT INTO "sqlite_sequence" VALUES('app_validlicense',4);
COMMIT;
